<?xml version="1.0" encoding="UTF-8"?>
<beans:beans xmlns="http://www.springframework.org/schema/mvc"
	xmlns:xsi="http://www.w3.org/2001/XMLSchema-instance"
	xmlns:beans="http://www.springframework.org/schema/beans"
	xmlns:context="http://www.springframework.org/schema/context"
	xmlns:jee="http://www.springframework.org/schema/jee"
	xmlns:aop="http://www.springframework.org/schema/aop"
	xmlns:tx="http://www.springframework.org/schema/tx"
	xsi:schemaLocation="http://www.springframework.org/schema/jee http://www.springframework.org/schema/jee/spring-jee-4.3.xsd
		http://www.springframework.org/schema/mvc https://www.springframework.org/schema/mvc/spring-mvc.xsd
		http://www.springframework.org/schema/beans https://www.springframework.org/schema/beans/spring-beans.xsd
		http://www.springframework.org/schema/context https://www.springframework.org/schema/context/spring-context.xsd
		http://www.springframework.org/schema/aop http://www.springframework.org/schema/aop/spring-aop-4.3.xsd
		http://www.springframework.org/schema/tx http://www.springframework.org/schema/tx/spring-tx-4.3.xsd">

	<!-- DispatcherServlet Context: defines this servlet's request-processing infrastructure -->
	
	<!-- Enables the Spring MVC @Controller programming model -->
	<annotation-driven />

	<!-- Handles HTTP GET requests for /resources/** by efficiently serving up static resources in the ${webappRoot}/resources directory -->
	<resources mapping="/resources/**" location="/resources/" />

	<!-- Resolves views selected for rendering by @Controllers to .jsp resources in the /WEB-INF/views directory -->
	<beans:bean class="org.springframework.web.servlet.view.InternalResourceViewResolver">
		<beans:property name="prefix" value="/WEB-INF/views/" />
		<beans:property name="suffix" value=".jsp" />
	</beans:bean>
	
	<context:component-scan base-package="lab.spring.tx" />
	
	<!-- JNDI 기반의 설정 설정 예시 -->
   <jee:jndi-lookup id="dataSource" jndi-name="jdbc/oracle"
        resource-ref="true" />
        
  <beans:bean id="txManager" 
     class="org.springframework.jdbc.datasource.DataSourceTransactionManager">
  <beans:constructor-arg ref="dataSource" />
</beans:bean>

<!-- <tx:advice>  을 이용한 트랜잭션 구현 -->
	<tx:advice id="txAdvice" transaction-manager="txManager">
	  <tx:attributes>
	     <tx:method name="order" propagation="REQUIRED"/>
	     <tx:method name="get*"  read-only="true"/>
	  </tx:attributes>	
	</tx:advice>
    
    <aop:config>
      <aop:pointcut id="transactionMethod"
          expression="execution(* lab.spring.tx.service.*Service.*(..))" />
      <aop:advisor advice-ref="txAdvice" 
                   pointcut-ref="transactionMethod"/>    
    </aop:config>
	
	<beans:bean id="sqlSessionFactory" class="org.mybatis.spring.SqlSessionFactoryBean">
  <beans:property name="dataSource" ref="dataSource" />
  <beans:property name="mapperLocations" value="classpath*:lab/mybatis/mappers/*Mapper.xml" />
   
</beans:bean>

<beans:bean id="sqlSession" class="org.mybatis.spring.SqlSessionTemplate">
  <beans:constructor-arg index="0" ref="sqlSessionFactory" />
</beans:bean>


</beans:beans>



















