<?xml version="1.0" encoding="UTF-8"?>
<beans:beans xmlns:xsi="http://www.w3.org/2001/XMLSchema-instance"
	xmlns:p="http://www.springframework.org/schema/p"
	xmlns:context="http://www.springframework.org/schema/context"
	xmlns:beans="http://www.springframework.org/schema/beans"
	xmlns:jee="http://www.springframework.org/schema/jee"
	xmlns:mvc="http://www.springframework.org/schema/mvc"
	xsi:schemaLocation="http://www.springframework.org/schema/jee http://www.springframework.org/schema/jee/spring-jee-4.3.xsd
		http://www.springframework.org/schema/mvc http://www.springframework.org/schema/mvc/spring-mvc-4.3.xsd
		http://www.springframework.org/schema/beans https://www.springframework.org/schema/beans/spring-beans.xsd
		http://www.springframework.org/schema/context https://www.springframework.org/schema/context/spring-context.xsd">

	<!-- DispatcherServlet Context: defines this servlet's request-processing infrastructure -->
	
	<!-- Enables the Spring MVC @Controller programming model -->
	<context:annotation-config/>
	<context:component-scan base-package="lab.spring" />

	<!-- Handles HTTP GET requests for /resources/** 
	by efficiently serving up static resources in the 
	${webappRoot}/resources directory 
	<resources mapping="/resources/**" location="/resources/" />
     -->
	<!-- Resolves views selected for rendering by @Controllers to .jsp resources in the /WEB-INF/views directory -->
	<beans:bean class="org.springframework.web.servlet.view.InternalResourceViewResolver">
		<beans:property name="prefix" value="/WEB-INF/views/" />
		<beans:property name="suffix" value=".jsp" />
	</beans:bean>
	<!-- 
	<beans:bean id="dataSource"
class="org.springframework.jdbc.datasource.DriverManagerDataSource"
p:driverClassName="oracle.jdbc.OracleDriver"
p:url="jdbc:oracle:thin:@127.0.0.1:1521:xe"
p:username="scott" p:password="oracle" />
 -->
 <!-- sqlSessionFactoryBean에 주입될 DataSource빈 설정 -->
 <!-- JNDI 기반의설정 설정 예시 -->
 <jee:jndi-lookup id="dataSource" jndi-name="jdbc/oracle"
		           resource-ref="true" /> 
 
<beans:bean id="sqlSessionFactory" class="org.mybatis.spring.SqlSessionFactoryBean">
  <beans:property name="dataSource" ref="dataSource" />
  <beans:property name="mapperLocations" value="classpath*:lab/mybatis/mappers/*Mapper.xml" />
</beans:bean>

<beans:bean id="sqlSession" class="org.mybatis.spring.SqlSessionTemplate">
  <beans:constructor-arg index="0" ref="sqlSessionFactory" />
</beans:bean>
	
<beans:bean id="messageSource"
		class="org.springframework.context.support.ResourceBundleMessageSource">
		<beans:property name="basenames">
		   <beans:value>lab.messages.validation</beans:value>
		</beans:property>
</beans:bean>
	
<beans:bean id="multipartResolver"
	class="org.springframework.web.multipart.commons.CommonsMultipartResolver">
	<beans:property name="maxUploadSize" value="1000000" />
	</beans:bean>
	
<mvc:interceptors>
       <mvc:interceptor>
           <mvc:mapping path="/list.do" />
           <beans:bean id="timeCheckInterpretor"
                  class="lab.spring.interceptor.TimeCheckInterceptor" />
          </mvc:interceptor>
</mvc:interceptors>
       
</beans:beans>








